epoch,step,val_loss
0,4,3.1884758472442627
1,9,3.1884748935699463
2,14,3.1883978843688965
3,19,3.1880850791931152
4,24,3.1883511543273926
5,29,3.1899869441986084
6,34,3.192197799682617
